<code_scheme name="Default 2" version="173">
  <option name="RIGHT_MARGIN" value="200" />
  <option name="FORMATTER_TAGS_ENABLED" value="true" />
  <JavaCodeStyleSettings>
    <option name="DO_NOT_WRAP_AFTER_SINGLE_ANNOTATION" value="true" />
    <option name="ALIGN_MULTILINE_ANNOTATION_PARAMETERS" value="true" />
  </JavaCodeStyleSettings>
  <XML>
    <option name="XML_SPACE_INSIDE_EMPTY_TAG" value="true" />
  </XML>
  <codeStyleSettings language="JAVA">
    <option name="RIGHT_MARGIN" value="200" />
    <option name="ALIGN_MULTILINE_CHAINED_METHODS" value="true" />
    <option name="ALIGN_MULTILINE_PARAMETERS_IN_CALLS" value="true" />
    <option name="ALIGN_MULTILINE_BINARY_OPERATION" value="true" />
    <option name="ALIGN_MULTILINE_TERNARY_OPERATION" value="true" />
    <option name="ALIGN_MULTILINE_ARRAY_INITIALIZER_EXPRESSION" value="true" />
    <option name="ALIGN_GROUP_FIELD_DECLARATIONS" value="true" />
    <option name="ALIGN_CONSECUTIVE_VARIABLE_DECLARATIONS" value="true" />
    <option name="SPACE_WITHIN_ARRAY_INITIALIZER_BRACES" value="true" />
  </codeStyleSettings>
  <codeStyleSettings language="go">
    <indentOptions>
      <option name="SMART_TABS" value="true" />
    </indentOptions>
  </codeStyleSettings>
</code_scheme>