<application>
  <component name="FindSettings">
    <option name="customScope" value="All Places" />
    <option name="defaultScopeName" value="All Places" />
    <option name="SEARCH_SCOPE" value="All Places" />
    <mask>*schema.go</mask>
    <mask>*.sql</mask>
    <mask>*.go</mask>
    <mask>*.css</mask>
    <mask>*.html</mask>
    <mask>*.jsp</mask>
    <mask>*.xml</mask>
    <mask>*.properties</mask>
    <mask>*.java</mask>
    <mask>*.ts</mask>
    <mask>*.yml</mask>
    <mask>*.json</mask>
  </component>
</application>