<application>
  <component name="GoSdkList">
    <sdk-url>
      <set>
        <option value="" />
        <option value="file:///opt/homebrew/Cellar/go/1.16.5/libexec" />
        <option value="file:///opt/homebrew/Cellar/go/1.17.2/libexec" />
        <option value="file:///opt/homebrew/Cellar/go/1.17.6/libexec" />
        <option value="file:///opt/homebrew/Cellar/go/1.18.1/libexec" />
        <option value="file:///opt/homebrew/Cellar/go/1.18.4/libexec" />
        <option value="file:///opt/homebrew/Cellar/go/1.18.5/libexec" />
        <option value="file:///opt/homebrew/Cellar/go/1.19.1/libexec" />
        <option value="file:///opt/homebrew/Cellar/go/1.19.5/libexec" />
        <option value="file:///opt/homebrew/Cellar/go/1.19/libexec" />
      </set>
    </sdk-url>
  </component>
</application>