<application>
  <component name="GeneralSettings">
    <option name="showTipsOnStartup" value="false" />
    <option name="autoSaveIfInactive" value="true" />
    <option name="confirmExit" value="false" />
    <option name="confirmOpenNewProject2" value="-1" />
    <option name="processCloseConfirmation" value="TERMINATE" />
    <option name="inactiveTimeout" value="120" />
  </component>
  <component name="Registry">
    <entry key="editor.distraction.free.mode" value="true" />
    <entry key="ide.balloon.shadow.size" value="0" />
    <entry key="js.debugger.webconsole" value="false" />
    <entry key="async.project.view.collapse.tree.path.recursively" value="false" />
    <entry key="debugger.watches.in.variables" value="false" />
    <entry key="ide.experimental.ui" value="true" />
    <entry key="debugger.new.tool.window.layout" value="true" />
    <entry key="ide.images.show.chessboard" value="true" />
    <entry key="editor.minimap.enabled" value="true" />
  </component>
  <component name="StatusBar">
    <option name="widgets">
      <map>
        <entry key="PowerSaveMode" value="true" />
      </map>
    </option>
  </component>
</application>