<application>
  <component name="ActionMacroManager">
    <macro name="err != nil">
      <action id="EditorEnter" />
      <typing text-keycode="73:0;70:0;32:0;69:0;82:0;82:0;32:0;0:1;61:0;32:0;78:0;73:0;76:0;32:0;0:1">if&amp;#x20;err&amp;#x20;!=&amp;#x20;nil&amp;#x20;{</typing>
      <action id="EditorEnter" />
      <typing text-keycode="82:0;69:0;84:0;85:0;82:0;78:0;32:0;69:0;82:0;82:0">return&amp;#x20;err</typing>
    </macro>
    <macro name="err := err != nil">
      <typing text-keycode="73:0;70:0;32:0;69:0;82:0;82:0;32:0;513:1;61:0;32:0;59:0;32:0;69:0;82:0;82:0;32:0;0:1;61:0;32:0;78:0;73:0;76:0;32:0;0:1">if&amp;#x20;err&amp;#x20;:=&amp;#x20;;&amp;#x20;err&amp;#x20;!=&amp;#x20;nil&amp;#x20;{</typing>
      <action id="EditorEnter" />
      <typing text-keycode="82:0;69:0;84:0;85:0;82:0;78:0;32:0;69:0;82:0;82:0">return&amp;#x20;err</typing>
    </macro>
    <macro name="region">
      <typing text-keycode="47:0;47:0;32:0;82:0;69:0;71:0;73:0;79:0;78:0">//&amp;#x20;region</typing>
      <action id="EditorEnter" />
      <action id="EditorEnter" />
      <typing text-keycode="47:0;47:0;32:0;69:0;78:0;68:0;82:0;69:0;71:0;73:0;79:0;78:0">//&amp;#x20;endregion</typing>
    </macro>
  </component>
</application>