<application>
  <component name="ProjectManager">
    <defaultProject>
      <component name="ComposerSettings">
        <execution />
      </component>
      <component name="ProjectViewState">
        <option name="autoscrollToSource" value="true" />
        <option name="hideEmptyMiddlePackages" value="true" />
        <option name="showLibraryContents" value="true" />
      </component>
      <component name="PropertiesComponent"><![CDATA[{
  "keyToString": {
    "go.import.settings.migrated": "true",
    "settings.editor.selected.configurable": "preferences.lookFeel"
  }
}]]></component>
      <component name="WindowStateProjectService">
        <state x="1179" y="422" key="SettingsEditor" timestamp="1685269610444">
          <screen x="0" y="0" width="3840" height="2160" />
        </state>
        <state x="1179" y="422" key="SettingsEditor/0.0.3840.2160" timestamp="1685269610444" />
      </component>
    </defaultProject>
  </component>
</application>