<application>
  <component name="DependencyUISettings">
    <option name="SCOPE_TYPE" value="file" />
  </component>
  <component name="UISettings">
    <option name="ACTIVATE_MRU_EDITOR_ON_CLOSE" value="true" />
    <option name="CONSOLE_CYCLE_BUFFER_SIZE_KB" value="4096" />
    <option name="DND_WITH_PRESSED_ALT_ONLY" value="true" />
    <option name="EDITOR_TAB_LIMIT" value="25" />
    <option name="EDITOR_TAB_PLACEMENT" value="0" />
    <option name="FULL_PATHS_IN_TITLE_BAR" value="true" />
    <option name="HIDE_KNOWN_EXTENSION_IN_TABS" value="true" />
    <option name="HIDE_TOOL_STRIPES" value="true" />
    <option name="MARK_MODIFIED_TABS_WITH_ASTERISK" value="true" />
    <option name="OPEN_IN_PREVIEW_TAB_IF_POSSIBLE" value="true" />
    <option name="OPEN_TABS_IN_MAIN_WINDOW" value="true" />
    <option name="OVERRIDE_CONSOLE_CYCLE_BUFFER_SIZE" value="true" />
    <option name="OVERRIDE_NONIDEA_LAF_FONTS" value="true" />
    <option name="REUSE_NOT_MODIFIED_TABS" value="true" />
    <option name="SHOW_EDITOR_TOOLTIP" value="false" />
    <option name="SHOW_STATUS_BAR" value="false" />
    <option name="UI_DENSITY" value="COMPACT" />
    <option name="CONTRAST_SCROLLBARS" value="true" />
    <option name="USE_SMALL_LABELS_ON_TABS" value="false" />
  </component>
</application>