<application>
  <component name="UpdatesConfigurable">
    <ignoredBuildNumbers>
      <item value="193.6494.35" />
      <item value="193.6911.18" />
      <item value="193.6015.39" />
      <item value="201.7846.76" />
      <item value="201.8538.31" />
    </ignoredBuildNumbers>
    <option name="LAST_BUILD_CHECKED" value="IU-231.9011.34" />
    <option name="LAST_TIME_CHECKED" value="1685965020857" />
    <option name="THIRD_PARTY_PLUGINS_ALLOWED" value="true" />
    <option name="WHATS_NEW_SHOWN_FOR" value="231" />
  </component>
</application>