<application>
  <component name="ImportFilteringUsageViewSetting">
    <option name="SHOW_IMPORTS" value="false" />
  </component>
  <component name="PhpThisOrSelfImportFilteringUsageSetting">
    <option name="SHOW_THIS_OR_SELF_REFERENCES" value="true" />
  </component>
  <component name="ShowUsagesSettings">
    <option name="GROUP_BY_FILE_STRUCTURE" value="true" />
  </component>
  <component name="UsageFilteringRuleState">
    <option value="com.intellij.usages.impl.rules.ImportUsageFilteringRule" />
  </component>
  <component name="UsageViewSettings">
    <option name="IS_AUTOSCROLL_TO_SOURCE" value="true" />
    <option name="GROUP_BY_SCOPE" value="true" />
    <option name="PREVIEW_USAGES_SPLITTER_PROPORTIONS" value="0.38909674" />
  </component>
</application>