<keymap version="1" name="VSCode tkl" parent="VSCode">
  <action id="$Copy">
    <keyboard-shortcut first-keystroke="ctrl c" />
    <keyboard-shortcut first-keystroke="f2" />
  </action>
  <action id="$Cut">
    <keyboard-shortcut first-keystroke="ctrl x" />
  </action>
  <action id="$Delete" />
  <action id="$Paste">
    <keyboard-shortcut first-keystroke="ctrl v" />
    <keyboard-shortcut first-keystroke="f3" />
  </action>
  <action id="$Undo">
    <keyboard-shortcut first-keystroke="ctrl z" />
    <keyboard-shortcut first-keystroke="alt back_space" />
    <keyboard-shortcut first-keystroke="f4" />
  </action>
  <action id="ActivateProjectToolWindow">
    <keyboard-shortcut first-keystroke="shift ctrl e" />
    <keyboard-shortcut first-keystroke="f10" />
  </action>
  <action id="ActivateServicesToolWindow">
    <keyboard-shortcut first-keystroke="alt 8" />
    <keyboard-shortcut first-keystroke="f11" />
  </action>
  <action id="ActivateTerminalToolWindow">
    <keyboard-shortcut first-keystroke="ctrl back_quote" />
    <keyboard-shortcut first-keystroke="alt t" />
  </action>
  <action id="Back">
    <keyboard-shortcut first-keystroke="end" />
  </action>
  <action id="BookmarksView.Rename" />
  <action id="ChangesView.Rename" />
  <action id="CheckinFiles">
    <keyboard-shortcut first-keystroke="alt 9" />
  </action>
  <action id="CheckinProject">
    <keyboard-shortcut first-keystroke="alt equals" />
  </action>
  <action id="ChooseDebugConfiguration">
    <keyboard-shortcut first-keystroke="shift alt f9" />
    <keyboard-shortcut first-keystroke="ctrl d" />
  </action>
  <action id="CloseProject">
    <keyboard-shortcut first-keystroke="ctrl k" second-keystroke="f" />
    <keyboard-shortcut first-keystroke="shift ctrl w" />
    <keyboard-shortcut first-keystroke="alt q" />
  </action>
  <action id="Console.DbmsOutput" />
  <action id="Console.TableResult.NavigateForeignAction">
    <mouse-shortcut keystroke="control button1" />
    <keyboard-shortcut first-keystroke="home" />
  </action>
  <action id="ConsoleView.ClearAll">
    <keyboard-shortcut first-keystroke="alt x" />
  </action>
  <action id="DatabaseView.DataSourceCutAction">
    <keyboard-shortcut first-keystroke="ctrl x" />
  </action>
  <action id="DatabaseView.DropAction" />
  <action id="DatabaseView.OpenFamilyAction" />
  <action id="DatabaseView.Tools" />
  <action id="Debug" />
  <action id="DomElementsTreeView.DeleteElement" />
  <action id="EditSource" />
  <action id="Editor Copy">
    <keyboard-shortcut first-keystroke="f2" />
  </action>
  <action id="Editor Paste">
    <keyboard-shortcut first-keystroke="f3" />
  </action>
  <action id="Editor Undo">
    <keyboard-shortcut first-keystroke="f4" />
  </action>
  <action id="EditorContextInfo" />
  <action id="EditorCut">
    <keyboard-shortcut first-keystroke="ctrl x" />
  </action>
  <action id="EditorDownWithSelection" />
  <action id="EditorDuplicate">
    <keyboard-shortcut first-keystroke="shift alt down" />
    <keyboard-shortcut first-keystroke="f7" />
    <keyboard-shortcut first-keystroke="alt d" />
  </action>
  <action id="EditorLineEnd" />
  <action id="EditorLineEndWithSelection" />
  <action id="EditorLineStart" />
  <action id="EditorLineStartWithSelection" />
  <action id="EditorScrollBottom">
    <keyboard-shortcut first-keystroke="alt page_down" />
  </action>
  <action id="EditorScrollDown">
    <keyboard-shortcut first-keystroke="alt down" />
  </action>
  <action id="EditorScrollLeft">
    <keyboard-shortcut first-keystroke="alt left" />
  </action>
  <action id="EditorScrollRight">
    <keyboard-shortcut first-keystroke="alt right" />
  </action>
  <action id="EditorScrollTop">
    <keyboard-shortcut first-keystroke="alt page_up" />
  </action>
  <action id="EditorScrollUp">
    <keyboard-shortcut first-keystroke="alt up" />
  </action>
  <action id="EditorSelectWord">
    <keyboard-shortcut first-keystroke="shift alt right" />
    <keyboard-shortcut first-keystroke="f1" />
  </action>
  <action id="EditorUnSelectWord">
    <keyboard-shortcut first-keystroke="shift ctrl w" />
    <keyboard-shortcut first-keystroke="ctrl f1" />
  </action>
  <action id="EditorUpWithSelection" />
  <action id="EvaluateExpression">
    <keyboard-shortcut first-keystroke="shift page_down" />
  </action>
  <action id="ExportToTextFile" />
  <action id="ExternalSystem.OpenConfig" />
  <action id="FileStructurePopup">
    <keyboard-shortcut first-keystroke="shift ctrl o" />
    <keyboard-shortcut first-keystroke="alt l" />
  </action>
  <action id="FindNext">
    <keyboard-shortcut first-keystroke="ctrl k" second-keystroke="ctrl d" />
  </action>
  <action id="FindUsages">
    <keyboard-shortcut first-keystroke="shift alt f12" />
    <keyboard-shortcut first-keystroke="alt u" />
  </action>
  <action id="Forward">
    <keyboard-shortcut first-keystroke="alt end" />
  </action>
  <action id="Generate">
    <keyboard-shortcut first-keystroke="alt back_slash" />
  </action>
  <action id="Git.Branches">
    <keyboard-shortcut first-keystroke="shift ctrl back_quote" />
    <keyboard-shortcut first-keystroke="alt b" />
  </action>
  <action id="Git.Rename.Local.Branch">
    <keyboard-shortcut first-keystroke="shift f6" />
  </action>
  <action id="Git.Reword.Commit" />
  <action id="GoOpenSettings" />
  <action id="GotoDeclaration">
    <mouse-shortcut keystroke="control button1" />
    <keyboard-shortcut first-keystroke="home" />
  </action>
  <action id="GotoFile">
    <keyboard-shortcut first-keystroke="ctrl p" />
    <keyboard-shortcut first-keystroke="alt p" />
  </action>
  <action id="GotoRelated">
    <keyboard-shortcut first-keystroke="ctrl alt home" />
    <keyboard-shortcut first-keystroke="alt i" />
  </action>
  <action id="GotoSymbol">
    <keyboard-shortcut first-keystroke="shift ctrl o" />
    <keyboard-shortcut first-keystroke="ctrl t" />
    <keyboard-shortcut first-keystroke="alt o" />
  </action>
  <action id="GotoTest">
    <keyboard-shortcut first-keystroke="delete" />
  </action>
  <action id="Graph.RouteEdges" />
  <action id="HideSideWindows">
    <keyboard-shortcut first-keystroke="ctrl b" />
    <keyboard-shortcut first-keystroke="f6" />
  </action>
  <action id="HippieCompletion" />
  <action id="Jdbc.OpenEditor.Data" />
  <action id="MainMenuButton.ShowMenu" />
  <action id="Maven.Uml.Exclude" />
  <action id="MavenHelper.QuickRunMavenGoal">
    <keyboard-shortcut first-keystroke="ctrl alt r" />
    <keyboard-shortcut first-keystroke="alt w" />
  </action>
  <action id="MoveLineDown" />
  <action id="MoveLineUp" />
  <action id="NavBar-navigate" />
  <action id="NavBar-selectHome" />
  <action id="NextDiff" />
  <action id="NextWindow">
    <keyboard-shortcut first-keystroke="alt close_bracket" />
  </action>
  <action id="OpenEditorInOppositeTabGroup">
    <keyboard-shortcut first-keystroke="help" />
  </action>
  <action id="OpenModuleSettings" />
  <action id="Pause" />
  <action id="PreviousWindow">
    <keyboard-shortcut first-keystroke="alt open_bracket" />
  </action>
  <action id="ProblemsView.QuickFixes" />
  <action id="ProjectViewEditSource" />
  <action id="RecentFiles">
    <keyboard-shortcut first-keystroke="ctrl e" />
    <keyboard-shortcut first-keystroke="f9" />
  </action>
  <action id="Refactorings.QuickListPopupAction">
    <keyboard-shortcut first-keystroke="shift ctrl r" />
    <keyboard-shortcut first-keystroke="alt slash" />
  </action>
  <action id="ReformatCode">
    <keyboard-shortcut first-keystroke="shift alt f" />
    <keyboard-shortcut first-keystroke="f13" />
    <keyboard-shortcut first-keystroke="f15" />
  </action>
  <action id="RemoteHostView.EditSource" />
  <action id="RenameElement" />
  <action id="Rerun">
    <keyboard-shortcut first-keystroke="ctrl semicolon" second-keystroke="l" />
    <keyboard-shortcut first-keystroke="shift ctrl f5" />
    <keyboard-shortcut first-keystroke="alt r" />
  </action>
  <action id="Resume">
    <keyboard-shortcut first-keystroke="shift end" />
  </action>
  <action id="RunToCursor">
    <keyboard-shortcut first-keystroke="alt f9" />
    <keyboard-shortcut first-keystroke="shift delete" />
  </action>
  <action id="ScrollPane-scrollDown">
    <keyboard-shortcut first-keystroke="shift down" />
  </action>
  <action id="ScrollPane-scrollUp">
    <keyboard-shortcut first-keystroke="shift up" />
  </action>
  <action id="SearchEverywhere">
    <keyboard-shortcut first-keystroke="shift ctrl a" />
  </action>
  <action id="SelectNextOccurrence">
    <keyboard-shortcut first-keystroke="ctrl f3" />
    <keyboard-shortcut first-keystroke="f8" />
    <keyboard-shortcut first-keystroke="alt a" />
  </action>
  <action id="SetShortcutAction" />
  <action id="ShelvedChanges.Rename" />
  <action id="ShowErrorDescription">
    <keyboard-shortcut first-keystroke="alt comma" />
  </action>
  <action id="ShowIntentionActions">
    <keyboard-shortcut first-keystroke="f5" />
    <keyboard-shortcut first-keystroke="alt period" />
  </action>
  <action id="ShowPopupMenu">
    <keyboard-shortcut first-keystroke="shift f10" />
    <keyboard-shortcut first-keystroke="alt k" />
  </action>
  <action id="SmartStepInto">
    <keyboard-shortcut first-keystroke="shift f7" />
    <keyboard-shortcut first-keystroke="shift home" />
  </action>
  <action id="Sql.EditParameter" />
  <action id="StepInto" />
  <action id="StepOver">
    <keyboard-shortcut first-keystroke="shift help" />
  </action>
  <action id="SwitchHeaderSource" />
  <action id="Switcher">
    <keyboard-shortcut first-keystroke="ctrl tab" />
    <keyboard-shortcut first-keystroke="shift ctrl tab" />
    <keyboard-shortcut first-keystroke="f12" />
  </action>
  <action id="Table-selectPreviousRowExtendSelection" />
  <action id="Table-startEditing" />
  <action id="ToggleLineBreakpoint" />
  <action id="Tree-selectPreviousExtendSelection" />
  <action id="Tree-startEditing" />
  <action id="UsageView.Remove">
    <keyboard-shortcut first-keystroke="ctrl x" />
  </action>
  <action id="Vcs.Push">
    <keyboard-shortcut first-keystroke="alt minus" />
  </action>
  <action id="VcsShowNextChangeMarker">
    <keyboard-shortcut first-keystroke="alt f5" />
    <keyboard-shortcut first-keystroke="alt quote" />
  </action>
  <action id="VcsShowPrevChangeMarker">
    <keyboard-shortcut first-keystroke="shift alt f5" />
    <keyboard-shortcut first-keystroke="alt semicolon" />
  </action>
  <action id="XDebugger.MuteBreakpoints">
    <keyboard-shortcut first-keystroke="shift page_up" />
  </action>
  <action id="org.jetbrains.security.toolwindow.tree.actions.NavigateToSource">
    <keyboard-shortcut first-keystroke="alt j" />
  </action>
</keymap>