<keymap version="1" name="VSCode chooc3" parent="VSCode">
  <action id="$Copy">
    <keyboard-shortcut first-keystroke="ctrl c" />
    <keyboard-shortcut first-keystroke="shift ctrl c" />
    <keyboard-shortcut first-keystroke="f4" />
  </action>
  <action id="$Cut">
    <keyboard-shortcut first-keystroke="shift delete" />
  </action>
  <action id="$Paste">
    <keyboard-shortcut first-keystroke="ctrl v" />
    <keyboard-shortcut first-keystroke="shift ctrl v" />
    <keyboard-shortcut first-keystroke="f5" />
  </action>
  <action id="$Redo">
    <keyboard-shortcut first-keystroke="shift alt back_space" />
  </action>
  <action id="$Undo">
    <keyboard-shortcut first-keystroke="ctrl z" />
    <keyboard-shortcut first-keystroke="alt back_space" />
    <keyboard-shortcut first-keystroke="f2" />
  </action>
  <action id="AceAction" />
  <action id="ActivateProjectToolWindow">
    <keyboard-shortcut first-keystroke="shift ctrl e" />
    <keyboard-shortcut first-keystroke="alt y" />
    <keyboard-shortcut first-keystroke="f1" />
  </action>
  <action id="ActivateServicesToolWindow">
    <keyboard-shortcut first-keystroke="alt 8" />
    <keyboard-shortcut first-keystroke="alt s" />
  </action>
  <action id="ActivateTerminalToolWindow">
    <keyboard-shortcut first-keystroke="ctrl back_quote" />
    <keyboard-shortcut first-keystroke="alt t" />
  </action>
  <action id="Adtui.ZoomInAction">
    <keyboard-shortcut first-keystroke="ctrl add" />
  </action>
  <action id="Adtui.ZoomOutAction">
    <keyboard-shortcut first-keystroke="ctrl subtract" />
  </action>
  <action id="Android.Designer.AutoArrange" />
  <action id="Back">
    <keyboard-shortcut first-keystroke="f9" />
    <keyboard-shortcut first-keystroke="alt comma" />
  </action>
  <action id="BookmarksView.Rename" />
  <action id="ChangesView.Rename" />
  <action id="ChangesView.Revert" />
  <action id="CheckinProject">
    <keyboard-shortcut first-keystroke="ctrl k" />
  </action>
  <action id="ChooseRunConfiguration" />
  <action id="CloseAllEditors" />
  <action id="CloseAllEditorsButActive" />
  <action id="CloseProject">
    <keyboard-shortcut first-keystroke="shift ctrl w" />
    <keyboard-shortcut first-keystroke="alt q" />
  </action>
  <action id="CodeCompletion">
    <keyboard-shortcut first-keystroke="ctrl space" />
  </action>
  <action id="CollapseAllRegions">
    <keyboard-shortcut first-keystroke="ctrl minus" />
  </action>
  <action id="CollapseBlock">
    <keyboard-shortcut first-keystroke="ctrl alt open_bracket" />
  </action>
  <action id="CollapseDocComments" />
  <action id="CollapseRegionRecursively">
    <keyboard-shortcut first-keystroke="alt minus" />
  </action>
  <action id="CommentByLineComment">
    <keyboard-shortcut first-keystroke="ctrl slash" />
  </action>
  <action id="CompareClipboardWithSelection" />
  <action id="Console.DbmsOutput" />
  <action id="CopyAbsolutePath">
    <keyboard-shortcut first-keystroke="shift alt c" />
  </action>
  <action id="CopyPaths">
    <keyboard-shortcut first-keystroke="shift alt c" />
  </action>
  <action id="DatabaseView.CopyDdlAction">
    <keyboard-shortcut first-keystroke="shift ctrl alt g" />
  </action>
  <action id="DatabaseView.DataSourceCutAction">
    <keyboard-shortcut first-keystroke="shift delete" />
  </action>
  <action id="DatabaseView.OpenFamilyAction">
    <keyboard-shortcut first-keystroke="ctrl j" />
  </action>
  <action id="DatabaseView.Tools.RevertChanges" />
  <action id="Debug" />
  <action id="Diff.NextChange">
    <keyboard-shortcut first-keystroke="ctrl n" />
  </action>
  <action id="Documentation.ViewExternal" />
  <action id="EditSource">
    <keyboard-shortcut first-keystroke="ctrl j" />
  </action>
  <action id="EditSourceInNewWindow" />
  <action id="Editor Copy">
    <keyboard-shortcut first-keystroke="shift ctrl c" />
    <keyboard-shortcut first-keystroke="f4" />
  </action>
  <action id="Editor Paste">
    <keyboard-shortcut first-keystroke="shift ctrl v" />
    <keyboard-shortcut first-keystroke="f5" />
  </action>
  <action id="Editor Undo">
    <keyboard-shortcut first-keystroke="f2" />
  </action>
  <action id="EditorContextInfo" />
  <action id="EditorCut">
    <keyboard-shortcut first-keystroke="shift delete" />
  </action>
  <action id="EditorDecreaseFontSize" />
  <action id="EditorDownWithSelection" />
  <action id="EditorDuplicate">
    <keyboard-shortcut first-keystroke="shift alt down" />
    <keyboard-shortcut first-keystroke="alt d" />
  </action>
  <action id="EditorIncreaseFontSize" />
  <action id="EditorLeftWithSelection" />
  <action id="EditorRightWithSelection" />
  <action id="EditorScrollBottom">
    <keyboard-shortcut first-keystroke="shift down" />
  </action>
  <action id="EditorScrollToCenter" />
  <action id="EditorScrollTop">
    <keyboard-shortcut first-keystroke="shift up" />
  </action>
  <action id="EditorSelectLine" />
  <action id="EditorSelectWord">
    <keyboard-shortcut first-keystroke="shift alt right" />
    <keyboard-shortcut first-keystroke="ctrl x" />
    <keyboard-shortcut first-keystroke="f3" />
  </action>
  <action id="EditorToggleUseSoftWraps">
    <keyboard-shortcut first-keystroke="shift alt z" />
  </action>
  <action id="EditorUnSelectWord">
    <keyboard-shortcut first-keystroke="shift ctrl w" />
    <keyboard-shortcut first-keystroke="alt f2" />
  </action>
  <action id="EditorUnindentSelection">
    <keyboard-shortcut first-keystroke="shift tab" />
  </action>
  <action id="EditorUpWithSelection" />
  <action id="EvaluateExpression">
    <keyboard-shortcut first-keystroke="alt z" />
  </action>
  <action id="ExpandAllRegions">
    <keyboard-shortcut first-keystroke="ctrl equals" />
  </action>
  <action id="ExpandRegionRecursively">
    <keyboard-shortcut first-keystroke="alt equals" />
  </action>
  <action id="ExportToTextFile" />
  <action id="ExternalJavaDoc" />
  <action id="ExternalSystem.OpenConfig">
    <keyboard-shortcut first-keystroke="ctrl j" />
  </action>
  <action id="FileChooser.NewFile" />
  <action id="FileStructurePopup">
    <keyboard-shortcut first-keystroke="shift ctrl o" />
    <keyboard-shortcut first-keystroke="ctrl l" />
  </action>
  <action id="FindNext" />
  <action id="FindPrevious">
    <keyboard-shortcut first-keystroke="shift ctrl f3" />
  </action>
  <action id="FindUsages">
    <keyboard-shortcut first-keystroke="shift alt f12" />
    <keyboard-shortcut first-keystroke="ctrl u" />
  </action>
  <action id="Generate">
    <keyboard-shortcut first-keystroke="alt g" />
  </action>
  <action id="Git.Branches">
    <keyboard-shortcut first-keystroke="shift ctrl back_quote" />
    <keyboard-shortcut first-keystroke="alt l" />
  </action>
  <action id="Git.Rename.Local.Branch">
    <keyboard-shortcut first-keystroke="shift f6" />
  </action>
  <action id="Git.Reword.Commit" />
  <action id="GoOpenSettings">
    <keyboard-shortcut first-keystroke="ctrl j" />
  </action>
  <action id="GotoDeclaration">
    <keyboard-shortcut first-keystroke="f10" />
    <keyboard-shortcut first-keystroke="alt period" />
  </action>
  <action id="GotoPreviousError">
    <keyboard-shortcut first-keystroke="shift alt f8" />
  </action>
  <action id="GotoRelated">
    <keyboard-shortcut first-keystroke="ctrl alt home" />
    <keyboard-shortcut first-keystroke="ctrl i" />
  </action>
  <action id="GotoSymbol">
    <keyboard-shortcut first-keystroke="shift ctrl o" />
    <keyboard-shortcut first-keystroke="ctrl t" />
    <keyboard-shortcut first-keystroke="ctrl o" />
  </action>
  <action id="GotoTest">
    <keyboard-shortcut first-keystroke="f7" />
    <keyboard-shortcut first-keystroke="alt p" />
  </action>
  <action id="Graph.RouteEdges" />
  <action id="Help.KeymapReference" />
  <action id="HideActiveWindow" />
  <action id="HippieCompletion" />
  <action id="Images.Editor.ToggleGrid" />
  <action id="Jdbc.OpenEditor.Data">
    <keyboard-shortcut first-keystroke="ctrl j" />
  </action>
  <action id="JumpToLastChange" />
  <action id="List-selectNextColumnExtendSelection" />
  <action id="Markdown.Layout.EditorAndPreview" />
  <action id="Markdown.Layout.PreviewOnly" />
  <action id="MavenHelper.QuickRunMavenGoal">
    <keyboard-shortcut first-keystroke="ctrl alt r" />
    <keyboard-shortcut first-keystroke="ctrl m" />
  </action>
  <action id="MoveLineDown" />
  <action id="MoveLineUp" />
  <action id="MoveTabRight" />
  <action id="NavBar-navigate">
    <keyboard-shortcut first-keystroke="ctrl j" />
  </action>
  <action id="NextDiff" />
  <action id="NextOccurence">
    <keyboard-shortcut first-keystroke="ctrl n" />
  </action>
  <action id="NextProjectWindow">
    <keyboard-shortcut first-keystroke="ctrl quote" />
  </action>
  <action id="NextSplitter" />
  <action id="NextTab" />
  <action id="OpenEditorInOppositeTabGroup">
    <keyboard-shortcut first-keystroke="f8" />
    <keyboard-shortcut first-keystroke="alt o" />
  </action>
  <action id="OpenFile" />
  <action id="OpenModuleSettings">
    <keyboard-shortcut first-keystroke="ctrl j" />
  </action>
  <action id="OverrideFileTypeAction" />
  <action id="Pause" />
  <action id="PinActiveTabAction" />
  <action id="PrevSplitter" />
  <action id="PreviousProjectWindow">
    <keyboard-shortcut first-keystroke="ctrl semicolon" />
  </action>
  <action id="PreviousTab" />
  <action id="ProjectViewEditSource">
    <keyboard-shortcut first-keystroke="ctrl j" />
  </action>
  <action id="QuickChangeScheme" />
  <action id="QuickJavaDoc" />
  <action id="RecentFiles">
    <keyboard-shortcut first-keystroke="ctrl y" />
  </action>
  <action id="Refactorings.QuickListPopupAction">
    <keyboard-shortcut first-keystroke="shift ctrl r" />
    <keyboard-shortcut first-keystroke="alt slash" />
  </action>
  <action id="ReformatCode">
    <keyboard-shortcut first-keystroke="shift alt f" />
    <keyboard-shortcut first-keystroke="alt f" />
  </action>
  <action id="RemoteHostView.EditSource">
    <keyboard-shortcut first-keystroke="ctrl j" />
  </action>
  <action id="RemoteServers.EditServerConfig" />
  <action id="RenameElement" />
  <action id="Rerun">
    <keyboard-shortcut first-keystroke="shift ctrl f5" />
    <keyboard-shortcut first-keystroke="alt r" />
  </action>
  <action id="RerunFailedTests" />
  <action id="Resume">
    <keyboard-shortcut first-keystroke="alt b" />
  </action>
  <action id="RevealIn">
    <keyboard-shortcut first-keystroke="shift alt r" />
  </action>
  <action id="RunDashboard.EditConfiguration" />
  <action id="RunToCursor">
    <keyboard-shortcut first-keystroke="alt f9" />
    <keyboard-shortcut first-keystroke="alt c" />
  </action>
  <action id="SaveAll" />
  <action id="ScrollPane-scrollDown">
    <keyboard-shortcut first-keystroke="shift page_down" />
    <keyboard-shortcut first-keystroke="alt down" />
  </action>
  <action id="ScrollPane-scrollLeft">
    <keyboard-shortcut first-keystroke="shift left" />
  </action>
  <action id="ScrollPane-scrollRight">
    <keyboard-shortcut first-keystroke="shift right" />
  </action>
  <action id="ScrollPane-scrollUp">
    <keyboard-shortcut first-keystroke="shift page_up" />
    <keyboard-shortcut first-keystroke="alt up" />
  </action>
  <action id="SearchEverywhere">
    <keyboard-shortcut first-keystroke="shift ctrl a" />
  </action>
  <action id="SelectInProjectView" />
  <action id="SelectNextOccurrence">
    <keyboard-shortcut first-keystroke="ctrl d" />
    <keyboard-shortcut first-keystroke="ctrl f3" />
    <keyboard-shortcut first-keystroke="alt a" />
  </action>
  <action id="ShelvedChanges.Rename" />
  <action id="ShowErrorDescription">
    <keyboard-shortcut first-keystroke="ctrl f1" />
    <keyboard-shortcut first-keystroke="ctrl comma" />
  </action>
  <action id="ShowPopupMenu">
    <keyboard-shortcut first-keystroke="ctrl open_bracket" />
  </action>
  <action id="ShowSettings" />
  <action id="SmartSelect">
    <keyboard-shortcut first-keystroke="shift alt right" />
    <keyboard-shortcut first-keystroke="ctrl x" />
    <keyboard-shortcut first-keystroke="f3" />
  </action>
  <action id="SmartStepInto">
    <keyboard-shortcut first-keystroke="shift f7" />
    <keyboard-shortcut first-keystroke="alt v" />
  </action>
  <action id="Sql.EditParameter">
    <keyboard-shortcut first-keystroke="ctrl j" />
  </action>
  <action id="StepOver">
    <keyboard-shortcut first-keystroke="alt x" />
  </action>
  <action id="Stop">
    <keyboard-shortcut first-keystroke="shift f5" />
    <keyboard-shortcut first-keystroke="alt w" />
  </action>
  <action id="SwitchHeaderSource" />
  <action id="Switcher">
    <keyboard-shortcut first-keystroke="ctrl tab" />
    <keyboard-shortcut first-keystroke="shift ctrl tab" />
    <keyboard-shortcut first-keystroke="f6" />
  </action>
  <action id="SwitcherIterateItems" />
  <action id="SwitcherPreviousProblem">
    <keyboard-shortcut first-keystroke="shift alt f8" />
  </action>
  <action id="SwitcherRecentEditedChangedToggleCheckBox" />
  <action id="Table-selectNextColumnExtendSelection" />
  <action id="Table-selectPreviousColumnExtendSelection" />
  <action id="Table-selectPreviousRowExtendSelection" />
  <action id="Table-startEditing" />
  <action id="TableResult.GrowSelection">
    <keyboard-shortcut first-keystroke="shift alt right" />
    <keyboard-shortcut first-keystroke="ctrl x" />
    <keyboard-shortcut first-keystroke="f3" />
  </action>
  <action id="Terminal.ClearBuffer" />
  <action id="Terminal.NextSplitter" />
  <action id="Terminal.PrevSplitter" />
  <action id="TerminalDecreaseFontSize" />
  <action id="TerminalIncreaseFontSize" />
  <action id="ToggleLineBreakpoint" />
  <action id="ToggleZenMode" />
  <action id="Tree-selectParentExtendSelection" />
  <action id="Tree-selectPreviousExtendSelection" />
  <action id="Tree-startEditing" />
  <action id="UnselectPreviousOccurrence" />
  <action id="UsageFiltering.Imports" />
  <action id="UsageView.Remove">
    <keyboard-shortcut first-keystroke="shift delete" />
  </action>
  <action id="UsageView.Rerun">
    <keyboard-shortcut first-keystroke="shift ctrl f5" />
    <keyboard-shortcut first-keystroke="alt r" />
  </action>
  <action id="Vcs.Log.FocusTextFilter" />
  <action id="Vcs.Log.ShowTooltip" />
  <action id="Vcs.Push">
    <keyboard-shortcut first-keystroke="alt k" />
  </action>
  <action id="Vcs.RollbackChangedLines" />
  <action id="Vcs.ShowMessageHistory" />
  <action id="WebOpenInAction" />
  <action id="org.intellij.plugins.markdown.ui.actions.styling.InsertImageAction" />
  <action id="org.intellij.plugins.markdown.ui.actions.styling.ToggleCodeSpanAction" />
  <action id="org.intellij.plugins.markdown.ui.actions.styling.ToggleItalicAction" />
</keymap>