<keymap version="1" name="VSCode choch 5" parent="VSCode">
  <action id="$Copy">
    <keyboard-shortcut first-keystroke="ctrl c" />
    <keyboard-shortcut first-keystroke="shift ctrl c" />
  </action>
  <action id="$Cut">
    <keyboard-shortcut first-keystroke="shift delete" />
  </action>
  <action id="$Paste">
    <keyboard-shortcut first-keystroke="ctrl v" />
    <keyboard-shortcut first-keystroke="shift ctrl v" />
  </action>
  <action id="$Redo">
    <keyboard-shortcut first-keystroke="shift alt back_space" />
  </action>
  <action id="$Undo">
    <keyboard-shortcut first-keystroke="ctrl z" />
    <keyboard-shortcut first-keystroke="alt back_space" />
    <keyboard-shortcut first-keystroke="shift ctrl z" />
  </action>
  <action id="ActivateBigDataToolWindowToolWindow">
    <keyboard-shortcut first-keystroke="shift ctrl meta b" />
  </action>
  <action id="ActivateServicesToolWindow">
    <keyboard-shortcut first-keystroke="alt 8" />
    <keyboard-shortcut first-keystroke="alt s" />
  </action>
  <action id="ActivateTerminalToolWindow">
    <keyboard-shortcut first-keystroke="ctrl back_quote" />
    <keyboard-shortcut first-keystroke="ctrl t" />
  </action>
  <action id="Adtui.ZoomInAction">
    <keyboard-shortcut first-keystroke="ctrl add" />
  </action>
  <action id="Adtui.ZoomOutAction">
    <keyboard-shortcut first-keystroke="ctrl subtract" />
  </action>
  <action id="Adtui.ZoomToActualAction">
    <keyboard-shortcut first-keystroke="ctrl numpad0" />
  </action>
  <action id="Android.Designer.AutoArrange" />
  <action id="Back">
    <keyboard-shortcut first-keystroke="alt up" />
  </action>
  <action id="BigDataTools.RfsCutAction">
    <keyboard-shortcut first-keystroke="shift delete" />
  </action>
  <action id="ChooseRunConfiguration" />
  <action id="CloseAllEditors" />
  <action id="CloseAllEditorsButActive" />
  <action id="CloseProject">
    <keyboard-shortcut first-keystroke="shift ctrl w" />
  </action>
  <action id="CodeCompletion">
    <keyboard-shortcut first-keystroke="ctrl space" />
  </action>
  <action id="CollapseAllRegions" />
  <action id="CollapseBlock">
    <keyboard-shortcut first-keystroke="ctrl alt open_bracket" />
  </action>
  <action id="CollapseDocComments" />
  <action id="CollapseRegionRecursively" />
  <action id="CommentByLineComment">
    <keyboard-shortcut first-keystroke="ctrl slash" />
  </action>
  <action id="CompareClipboardWithSelection" />
  <action id="CopyAbsolutePath">
    <keyboard-shortcut first-keystroke="shift alt c" />
  </action>
  <action id="CopyPaths">
    <keyboard-shortcut first-keystroke="shift alt c" />
  </action>
  <action id="DatabaseView.CopyDdlAction">
    <keyboard-shortcut first-keystroke="shift ctrl alt g" />
  </action>
  <action id="DatabaseView.DataSourceCutAction">
    <keyboard-shortcut first-keystroke="shift delete" />
  </action>
  <action id="Diff.ShowDiff">
    <keyboard-shortcut first-keystroke="ctrl 0" />
  </action>
  <action id="EditSource">
    <keyboard-shortcut first-keystroke="f4" />
    <keyboard-shortcut first-keystroke="ctrl j" />
  </action>
  <action id="EditSourceInNewWindow" />
  <action id="Editor Copy">
    <keyboard-shortcut first-keystroke="shift ctrl c" />
  </action>
  <action id="Editor Paste">
    <keyboard-shortcut first-keystroke="shift ctrl v" />
  </action>
  <action id="Editor Undo">
    <keyboard-shortcut first-keystroke="shift ctrl z" />
  </action>
  <action id="EditorCut">
    <keyboard-shortcut first-keystroke="shift delete" />
  </action>
  <action id="EditorDecreaseFontSize" />
  <action id="EditorDuplicate">
    <keyboard-shortcut first-keystroke="shift alt down" />
    <keyboard-shortcut first-keystroke="alt d" />
  </action>
  <action id="EditorIncreaseFontSize" />
  <action id="EditorScrollToCenter" />
  <action id="EditorSelectLine" />
  <action id="EditorSelectWord">
    <keyboard-shortcut first-keystroke="shift alt right" />
    <keyboard-shortcut first-keystroke="ctrl x" />
  </action>
  <action id="EditorToggleUseSoftWraps">
    <keyboard-shortcut first-keystroke="shift alt z" />
  </action>
  <action id="EditorUnSelectWord">
    <keyboard-shortcut first-keystroke="shift ctrl w" />
    <keyboard-shortcut first-keystroke="ctrl s" />
  </action>
  <action id="EditorUnindentSelection">
    <keyboard-shortcut first-keystroke="shift tab" />
  </action>
  <action id="EvaluateExpression">
    <keyboard-shortcut first-keystroke="alt z" />
  </action>
  <action id="ExpandAllRegions" />
  <action id="ExpandRegionRecursively" />
  <action id="FileChooser.NewFile" />
  <action id="FindNext">
    <keyboard-shortcut first-keystroke="f3" />
  </action>
  <action id="FindUsages">
    <keyboard-shortcut first-keystroke="shift alt f12" />
    <keyboard-shortcut first-keystroke="ctrl u" />
  </action>
  <action id="Forward" />
  <action id="Generate">
    <keyboard-shortcut first-keystroke="ctrl quote" />
  </action>
  <action id="GotoBookmark0" />
  <action id="GotoClass">
    <keyboard-shortcut first-keystroke="ctrl i" />
  </action>
  <action id="GotoDeclaration">
    <keyboard-shortcut first-keystroke="f12" />
    <keyboard-shortcut first-keystroke="alt down" />
  </action>
  <action id="GotoSymbol">
    <keyboard-shortcut first-keystroke="shift ctrl o" />
    <keyboard-shortcut first-keystroke="ctrl o" />
  </action>
  <action id="GotoTest">
    <keyboard-shortcut first-keystroke="alt t" />
  </action>
  <action id="Help.KeymapReference" />
  <action id="HideActiveWindow" />
  <action id="Images.Editor.ToggleGrid" />
  <action id="JumpToLastChange">
    <keyboard-shortcut first-keystroke="alt comma" />
  </action>
  <action id="JumpToLastWindow">
    <keyboard-shortcut first-keystroke="alt j" />
  </action>
  <action id="JumpToNextChange">
    <keyboard-shortcut first-keystroke="alt period" />
  </action>
  <action id="Markdown.Layout.EditorAndPreview" />
  <action id="Markdown.Layout.PreviewOnly" />
  <action id="MavenHelper.QuickRunMavenGoal">
    <keyboard-shortcut first-keystroke="ctrl alt r" />
    <keyboard-shortcut first-keystroke="ctrl k" />
  </action>
  <action id="MoveLineDown" />
  <action id="MoveLineUp" />
  <action id="MoveTabRight" />
  <action id="NextOccurence">
    <keyboard-shortcut first-keystroke="alt right" />
  </action>
  <action id="NextSplitter" />
  <action id="NextWindow">
    <keyboard-shortcut first-keystroke="ctrl y" />
  </action>
  <action id="NoteMoveLineUp" />
  <action id="OpenEditorInOppositeTabGroup">
    <keyboard-shortcut first-keystroke="alt g" />
  </action>
  <action id="OpenFile" />
  <action id="OverrideFileTypeAction" />
  <action id="ParameterInfo">
    <keyboard-shortcut first-keystroke="shift ctrl space" />
    <keyboard-shortcut first-keystroke="alt p" />
  </action>
  <action id="PinActiveTabAction" />
  <action id="PrevSplitter" />
  <action id="PreviousOccurence">
    <keyboard-shortcut first-keystroke="alt left" />
  </action>
  <action id="QuickChangeScheme" />
  <action id="QuickImplementations">
    <keyboard-shortcut first-keystroke="alt f12" />
    <keyboard-shortcut first-keystroke="ctrl d" />
  </action>
  <action id="QuickJavaDoc">
    <keyboard-shortcut first-keystroke="ctrl d" />
  </action>
  <action id="QuickTypeDefinition">
    <keyboard-shortcut first-keystroke="ctrl d" />
  </action>
  <action id="RecentFiles">
    <keyboard-shortcut first-keystroke="ctrl e" />
    <keyboard-shortcut first-keystroke="ctrl l" />
  </action>
  <action id="Refactorings.QuickListPopupAction">
    <keyboard-shortcut first-keystroke="shift ctrl r" />
    <keyboard-shortcut first-keystroke="ctrl semicolon" />
  </action>
  <action id="ReformatCode">
    <keyboard-shortcut first-keystroke="shift alt f" />
    <keyboard-shortcut first-keystroke="alt f" />
  </action>
  <action id="RemoteServers.EditServerConfig" />
  <action id="Rerun">
    <keyboard-shortcut first-keystroke="shift ctrl f5" />
  </action>
  <action id="RerunFailedTests" />
  <action id="Resume">
    <keyboard-shortcut first-keystroke="f5" />
    <keyboard-shortcut first-keystroke="alt b" />
  </action>
  <action id="RevealIn">
    <keyboard-shortcut first-keystroke="shift alt r" />
  </action>
  <action id="RunDashboard.EditConfiguration" />
  <action id="RunToCursor">
    <keyboard-shortcut first-keystroke="alt f9" />
    <keyboard-shortcut first-keystroke="alt c" />
  </action>
  <action id="RunToolbarRerunAction">
    <keyboard-shortcut first-keystroke="alt r" />
  </action>
  <action id="SaveAll" />
  <action id="SaveDocument" />
  <action id="ScrollPane-scrollDown">
    <keyboard-shortcut first-keystroke="shift page_down" />
    <keyboard-shortcut first-keystroke="ctrl equals" />
  </action>
  <action id="ScrollPane-scrollLeft">
    <keyboard-shortcut first-keystroke="alt minus" />
  </action>
  <action id="ScrollPane-scrollRight">
    <keyboard-shortcut first-keystroke="alt equals" />
  </action>
  <action id="ScrollPane-scrollUp">
    <keyboard-shortcut first-keystroke="shift page_up" />
    <keyboard-shortcut first-keystroke="ctrl minus" />
  </action>
  <action id="SelectInProjectView" />
  <action id="SelectNextOccurrence">
    <keyboard-shortcut first-keystroke="ctrl f3" />
    <keyboard-shortcut first-keystroke="alt a" />
  </action>
  <action id="ShowErrorDescription">
    <keyboard-shortcut first-keystroke="ctrl f1" />
    <keyboard-shortcut first-keystroke="ctrl comma" />
  </action>
  <action id="ShowNavBar">
    <keyboard-shortcut first-keystroke="shift ctrl semicolon" />
    <keyboard-shortcut first-keystroke="ctrl m" />
  </action>
  <action id="ShowPopupMenu">
    <keyboard-shortcut first-keystroke="shift f10" />
    <keyboard-shortcut first-keystroke="context_menu" />
    <keyboard-shortcut first-keystroke="ctrl open_bracket" />
  </action>
  <action id="ShowSettings" />
  <action id="SliceBackward">
    <keyboard-shortcut first-keystroke="alt h" />
  </action>
  <action id="SmartStepInto">
    <keyboard-shortcut first-keystroke="shift f7" />
    <keyboard-shortcut first-keystroke="alt v" />
  </action>
  <action id="StepOver">
    <keyboard-shortcut first-keystroke="f10" />
    <keyboard-shortcut first-keystroke="alt x" />
  </action>
  <action id="Terminal.ClearBuffer" />
  <action id="Terminal.NextSplitter" />
  <action id="Terminal.PrevSplitter" />
  <action id="TerminalDecreaseFontSize" />
  <action id="TerminalIncreaseFontSize" />
  <action id="ToggleBookmark">
    <keyboard-shortcut first-keystroke="ctrl n" />
  </action>
  <action id="ToggleZenMode" />
  <action id="UnselectPreviousOccurrence" />
  <action id="UsageFiltering.Imports" />
  <action id="UsageView.Remove">
    <keyboard-shortcut first-keystroke="shift delete" />
  </action>
  <action id="UsageView.Rerun">
    <keyboard-shortcut first-keystroke="shift ctrl f5" />
    <keyboard-shortcut first-keystroke="alt r" />
  </action>
  <action id="Vcs.Log.FocusTextFilter" />
  <action id="Vcs.Log.ShowTooltip" />
  <action id="Vcs.ShowMessageHistory" />
  <action id="org.intellij.plugins.markdown.ui.actions.styling.InsertImageAction" />
  <action id="org.intellij.plugins.markdown.ui.actions.styling.ToggleCodeSpanAction" />
  <action id="org.intellij.plugins.markdown.ui.actions.styling.ToggleItalicAction" />
</keymap>