<keymap version="1" name="VSCode (macOS) M1" parent="VSCode OSX">
  <action id="$Copy">
    <keyboard-shortcut first-keystroke="meta c" />
    <keyboard-shortcut first-keystroke="f2" />
  </action>
  <action id="$Cut">
    <keyboard-shortcut first-keystroke="meta x" />
  </action>
  <action id="$Delete">
    <keyboard-shortcut first-keystroke="back_space" />
  </action>
  <action id="$Paste">
    <keyboard-shortcut first-keystroke="meta v" />
    <keyboard-shortcut first-keystroke="f3" />
    <keyboard-shortcut first-keystroke="ctrl v" />
  </action>
  <action id="$Undo">
    <keyboard-shortcut first-keystroke="meta z" />
    <keyboard-shortcut first-keystroke="f4" />
    <keyboard-shortcut first-keystroke="ctrl z" />
  </action>
  <action id="AceAction">
    <keyboard-shortcut first-keystroke="ctrl semicolon" />
    <keyboard-shortcut first-keystroke="alt semicolon" />
  </action>
  <action id="ActivateDebugToolWindow">
    <keyboard-shortcut first-keystroke="shift meta d" />
  </action>
  <action id="ActivateProjectToolWindow">
    <keyboard-shortcut first-keystroke="shift meta e" />
    <mouse-shortcut keystroke="alt button1" />
    <keyboard-shortcut first-keystroke="f10" />
  </action>
  <action id="ActivateServicesToolWindow">
    <keyboard-shortcut first-keystroke="meta 8" />
    <keyboard-shortcut first-keystroke="f11" />
  </action>
  <action id="ActivateTerminalToolWindow">
    <keyboard-shortcut first-keystroke="ctrl back_quote" />
    <keyboard-shortcut first-keystroke="alt t" />
  </action>
  <action id="Back">
    <keyboard-shortcut first-keystroke="ctrl minus" />
    <mouse-shortcut keystroke="button4" />
    <keyboard-shortcut first-keystroke="delete" />
  </action>
  <action id="BookmarksView.Rename" />
  <action id="CallHierarchy">
    <keyboard-shortcut first-keystroke="ctrl alt h" />
    <keyboard-shortcut first-keystroke="alt h" />
  </action>
  <action id="ChangesView.GroupBy.Module" />
  <action id="CheckinFiles">
    <keyboard-shortcut first-keystroke="alt 0" />
  </action>
  <action id="CheckinProject">
    <keyboard-shortcut first-keystroke="alt equals" />
  </action>
  <action id="CollapseAllRegions">
    <keyboard-shortcut first-keystroke="meta k" second-keystroke="meta 0" />
    <keyboard-shortcut first-keystroke="alt 9" />
  </action>
  <action id="Console.DbmsOutput" />
  <action id="Console.TableResult.NavigateAction">
    <keyboard-shortcut first-keystroke="alt j" />
  </action>
  <action id="Console.TableResult.NavigateExportedAction">
    <keyboard-shortcut first-keystroke="alt f7" />
  </action>
  <action id="Console.TableResult.NavigateForeignAction">
    <mouse-shortcut keystroke="meta button1" />
    <mouse-shortcut keystroke="button2" />
    <mouse-shortcut keystroke="Force touch" />
  </action>
  <action id="DSM.OpenInEditor">
    <keyboard-shortcut first-keystroke="alt j" />
  </action>
  <action id="DatabaseView.CopyAction">
    <keyboard-shortcut first-keystroke="shift alt down" />
  </action>
  <action id="DatabaseView.DataSourceCutAction">
    <keyboard-shortcut first-keystroke="meta x" />
  </action>
  <action id="DatabaseView.DropAction" />
  <action id="DatabaseView.OpenFamilyAction">
    <keyboard-shortcut first-keystroke="alt j" />
  </action>
  <action id="Debug" />
  <action id="Debugger.EditFrameSource">
    <keyboard-shortcut first-keystroke="alt j" />
  </action>
  <action id="Diff.NextChange" />
  <action id="Diff.PrevChange" />
  <action id="Django.RunManageTaskAction" />
  <action id="Documentation.EditSource">
    <keyboard-shortcut first-keystroke="alt j" />
  </action>
  <action id="DomCollectionControl.Edit">
    <keyboard-shortcut first-keystroke="alt j" />
  </action>
  <action id="DomElementsTreeView.DeleteElement">
    <keyboard-shortcut first-keystroke="back_space" />
  </action>
  <action id="DomElementsTreeView.GotoDomElementDeclarationAction">
    <keyboard-shortcut first-keystroke="alt j" />
  </action>
  <action id="EditSource">
    <keyboard-shortcut first-keystroke="alt j" />
  </action>
  <action id="Editor Copy">
    <keyboard-shortcut first-keystroke="f2" />
  </action>
  <action id="Editor Paste">
    <keyboard-shortcut first-keystroke="f3" />
    <keyboard-shortcut first-keystroke="ctrl v" />
  </action>
  <action id="Editor Undo">
    <keyboard-shortcut first-keystroke="f4" />
    <keyboard-shortcut first-keystroke="ctrl z" />
  </action>
  <action id="EditorAddOrRemoveCaret">
    <mouse-shortcut keystroke="shift alt button1" />
  </action>
  <action id="EditorCopy">
    <keyboard-shortcut first-keystroke="meta c" />
    <keyboard-shortcut first-keystroke="f2" />
    <keyboard-shortcut first-keystroke="ctrl c" />
  </action>
  <action id="EditorCreateRectangularSelection" />
  <action id="EditorCreateRectangularSelectionOnMouseDrag" />
  <action id="EditorCut">
    <keyboard-shortcut first-keystroke="meta x" />
  </action>
  <action id="EditorDeleteToWordEnd" />
  <action id="EditorDeleteToWordStart" />
  <action id="EditorDownWithSelection" />
  <action id="EditorDuplicate">
    <keyboard-shortcut first-keystroke="shift alt down" />
    <keyboard-shortcut first-keystroke="f8" />
    <keyboard-shortcut first-keystroke="ctrl d" />
  </action>
  <action id="EditorLeftWithSelection" />
  <action id="EditorLineEndWithSelection">
    <keyboard-shortcut first-keystroke="shift meta right" />
  </action>
  <action id="EditorLineStartWithSelection">
    <keyboard-shortcut first-keystroke="shift meta left" />
  </action>
  <action id="EditorPageDown" />
  <action id="EditorPageDownWithSelection" />
  <action id="EditorPageUp" />
  <action id="EditorPageUpWithSelection" />
  <action id="EditorPaste">
    <keyboard-shortcut first-keystroke="meta v" />
    <keyboard-shortcut first-keystroke="f3" />
    <keyboard-shortcut first-keystroke="ctrl v" />
  </action>
  <action id="EditorRightWithSelection" />
  <action id="EditorScrollBottom">
    <keyboard-shortcut first-keystroke="alt down" />
  </action>
  <action id="EditorScrollTop">
    <keyboard-shortcut first-keystroke="alt up" />
  </action>
  <action id="EditorSelectWord">
    <keyboard-shortcut first-keystroke="shift ctrl meta right" />
    <keyboard-shortcut first-keystroke="f1" />
    <keyboard-shortcut first-keystroke="ctrl x" />
  </action>
  <action id="EditorUp">
    <keyboard-shortcut first-keystroke="up" />
  </action>
  <action id="EditorUpWithSelection" />
  <action id="EvaluateExpression">
    <keyboard-shortcut first-keystroke="alt f8" />
    <keyboard-shortcut first-keystroke="shift page_down" />
  </action>
  <action id="ExternalSystem.OpenConfig" />
  <action id="FileStructurePopup">
    <keyboard-shortcut first-keystroke="meta alt o" />
    <keyboard-shortcut first-keystroke="shift meta o" />
    <keyboard-shortcut first-keystroke="alt l" />
  </action>
  <action id="FindNext">
    <keyboard-shortcut first-keystroke="meta g" />
  </action>
  <action id="Forward">
    <keyboard-shortcut first-keystroke="shift ctrl minus" />
    <keyboard-shortcut first-keystroke="alt delete" />
  </action>
  <action id="Generate">
    <keyboard-shortcut first-keystroke="ctrl enter" />
    <keyboard-shortcut first-keystroke="alt quote" />
  </action>
  <action id="Git.Branches">
    <keyboard-shortcut first-keystroke="alt b" />
  </action>
  <action id="Git.Rename.Local.Branch">
    <keyboard-shortcut first-keystroke="shift f6" />
  </action>
  <action id="Git.Reset">
    <keyboard-shortcut first-keystroke="alt k" />
  </action>
  <action id="GoOpenSettings" />
  <action id="GotoAction">
    <keyboard-shortcut first-keystroke="shift meta p" />
    <keyboard-shortcut first-keystroke="shift meta a" />
  </action>
  <action id="GotoClass">
    <keyboard-shortcut first-keystroke="alt o" />
  </action>
  <action id="GotoDeclaration">
    <mouse-shortcut keystroke="meta button1" />
    <mouse-shortcut keystroke="button2" />
    <mouse-shortcut keystroke="Force touch" />
    <keyboard-shortcut first-keystroke="help" />
  </action>
  <action id="GotoFile">
    <keyboard-shortcut first-keystroke="meta p" />
    <keyboard-shortcut first-keystroke="alt p" />
  </action>
  <action id="GotoNextError" />
  <action id="GotoSymbol">
    <keyboard-shortcut first-keystroke="meta t" />
    <keyboard-shortcut first-keystroke="ctrl p" />
  </action>
  <action id="GotoTest">
    <keyboard-shortcut first-keystroke="end" />
  </action>
  <action id="Graph.Faces.OpenSelectedPages" />
  <action id="Graph.RouteEdges" />
  <action id="GuiDesigner.Duplicate">
    <keyboard-shortcut first-keystroke="shift alt down" />
  </action>
  <action id="GuiDesigner.ShrinkSelection">
    <keyboard-shortcut first-keystroke="shift ctrl meta left" />
  </action>
  <action id="HideActiveWindow">
    <keyboard-shortcut first-keystroke="shift escape" />
  </action>
  <action id="HippieCompletion" />
  <action id="Jdbc.OpenEditor" />
  <action id="Jdbc.OpenEditor.Console">
    <keyboard-shortcut first-keystroke="alt j" />
  </action>
  <action id="Jdbc.OpenEditor.Data" />
  <action id="JupyterExpandSelectionToCellAboveCommandModeAction">
    <keyboard-shortcut first-keystroke="shift k" />
  </action>
  <action id="JupyterExpandSelectionToCellBelowCommandModeAction">
    <keyboard-shortcut first-keystroke="shift j" />
  </action>
  <action id="JupyterNotebookDeleteCellCommandModeAction">
    <keyboard-shortcut first-keystroke="d" second-keystroke="d" />
    <keyboard-shortcut first-keystroke="back_space" />
  </action>
  <action id="JupyterNotebookMoveCellDownCommandModeAction" />
  <action id="JupyterNotebookMoveCellUpCommandModeAction" />
  <action id="Kubernetes.Edit">
    <keyboard-shortcut first-keystroke="alt j" />
  </action>
  <action id="List-scrollDown" />
  <action id="List-scrollUp" />
  <action id="List-scrollUpExtendSelection" />
  <action id="List-selectNextColumnExtendSelection" />
  <action id="List-selectPreviousRow">
    <keyboard-shortcut first-keystroke="up" />
  </action>
  <action id="Macro.region">
    <keyboard-shortcut first-keystroke="ctrl r" />
    <keyboard-shortcut first-keystroke="alt w" />
  </action>
  <action id="Maven.Uml.Exclude" />
  <action id="MavenHelper.QuickRunMavenGoal">
    <keyboard-shortcut first-keystroke="meta alt r" />
    <keyboard-shortcut first-keystroke="ctrl m" />
  </action>
  <action id="Move" />
  <action id="MoveLineDown" />
  <action id="MoveLineUp" />
  <action id="NavBar-navigate" />
  <action id="NavBar-selectUp">
    <keyboard-shortcut first-keystroke="up" />
  </action>
  <action id="NextOccurence">
    <keyboard-shortcut first-keystroke="ctrl close_bracket" />
  </action>
  <action id="NextWindow">
    <keyboard-shortcut first-keystroke="meta back_quote" />
    <keyboard-shortcut first-keystroke="alt f10" />
    <keyboard-shortcut first-keystroke="alt close_bracket" />
  </action>
  <action id="OpenEditorInOppositeTabGroup">
    <keyboard-shortcut first-keystroke="home" />
  </action>
  <action id="OpenModuleSettings" />
  <action id="Pause" />
  <action id="PopupMenu-selectPrevious">
    <keyboard-shortcut first-keystroke="up" />
  </action>
  <action id="PreviousOccurence">
    <keyboard-shortcut first-keystroke="ctrl open_bracket" />
  </action>
  <action id="PreviousWindow">
    <keyboard-shortcut first-keystroke="shift meta back_quote" />
    <keyboard-shortcut first-keystroke="alt f9" />
    <keyboard-shortcut first-keystroke="alt open_bracket" />
  </action>
  <action id="ProjectViewEditSource" />
  <action id="PropertyInspectorActions.RemoveProperty">
    <keyboard-shortcut first-keystroke="back_space" />
  </action>
  <action id="QuickImplementations">
    <keyboard-shortcut first-keystroke="alt space" />
  </action>
  <action id="QuickList.ECP">
    <keyboard-shortcut first-keystroke="alt q" />
  </action>
  <action id="RecentFiles" />
  <action id="Refactorings.QuickListPopupAction">
    <keyboard-shortcut first-keystroke="shift ctrl r" />
    <keyboard-shortcut first-keystroke="alt back_slash" />
  </action>
  <action id="ReformatCode">
    <keyboard-shortcut first-keystroke="shift alt f" />
    <keyboard-shortcut first-keystroke="f13" />
  </action>
  <action id="RemoteHostView.EditSource" />
  <action id="RenameElement" />
  <action id="Rerun">
    <keyboard-shortcut first-keystroke="meta r" />
    <keyboard-shortcut first-keystroke="alt r" />
  </action>
  <action id="Resume">
    <keyboard-shortcut first-keystroke="shift delete" />
  </action>
  <action id="RunDashboard.ClearContent">
    <keyboard-shortcut first-keystroke="alt back_space" />
  </action>
  <action id="RunDashboard.CopyConfiguration">
    <keyboard-shortcut first-keystroke="shift alt down" />
  </action>
  <action id="RunDashboard.EditConfiguration" />
  <action id="RunDashboard.RemoveConfiguration">
    <keyboard-shortcut first-keystroke="back_space" />
  </action>
  <action id="RunJsbtTask" />
  <action id="RunToCursor">
    <mouse-shortcut keystroke="Force touch" />
    <keyboard-shortcut first-keystroke="shift end" />
  </action>
  <action id="ScrollPane-scrollDown">
    <keyboard-shortcut first-keystroke="meta page_down" />
    <keyboard-shortcut first-keystroke="shift down" />
    <keyboard-shortcut first-keystroke="page_down" />
  </action>
  <action id="ScrollPane-scrollLeft">
    <keyboard-shortcut first-keystroke="alt f11" />
    <keyboard-shortcut first-keystroke="alt end" />
  </action>
  <action id="ScrollPane-scrollRight">
    <keyboard-shortcut first-keystroke="alt f12" />
    <keyboard-shortcut first-keystroke="alt home" />
  </action>
  <action id="ScrollPane-scrollUp">
    <keyboard-shortcut first-keystroke="meta page_up" />
    <keyboard-shortcut first-keystroke="shift up" />
    <keyboard-shortcut first-keystroke="page_up" />
  </action>
  <action id="ScrollPane-unitScrollDown">
    <keyboard-shortcut first-keystroke="shift f12" />
    <keyboard-shortcut first-keystroke="alt page_down" />
  </action>
  <action id="ScrollPane-unitScrollUp">
    <keyboard-shortcut first-keystroke="shift f11" />
    <keyboard-shortcut first-keystroke="alt help" />
    <keyboard-shortcut first-keystroke="alt page_up" />
  </action>
  <action id="SearchEverywhere.NavigateToNextGroup" />
  <action id="SearchEverywhere.NavigateToPrevGroup" />
  <action id="SearchEverywhere.NextTab">
    <keyboard-shortcut first-keystroke="tab" />
    <keyboard-shortcut first-keystroke="shift right" />
  </action>
  <action id="SearchEverywhere.PrevTab">
    <keyboard-shortcut first-keystroke="shift tab" />
    <keyboard-shortcut first-keystroke="shift left" />
  </action>
  <action id="SelectNextOccurrence">
    <keyboard-shortcut first-keystroke="meta d" />
    <keyboard-shortcut first-keystroke="f7" />
    <keyboard-shortcut first-keystroke="ctrl a" />
    <keyboard-shortcut first-keystroke="ctrl s" />
  </action>
  <action id="ServiceView.GroupByServiceGroups" />
  <action id="ShowBookmarks">
    <keyboard-shortcut first-keystroke="meta f3" />
  </action>
  <action id="ShowErrorDescription">
    <keyboard-shortcut first-keystroke="meta f1" />
    <keyboard-shortcut first-keystroke="alt slash" />
  </action>
  <action id="ShowExecutionPoint" />
  <action id="ShowIntentionActions">
    <keyboard-shortcut first-keystroke="meta period" />
    <keyboard-shortcut first-keystroke="alt enter" />
    <keyboard-shortcut first-keystroke="alt period" />
    <keyboard-shortcut first-keystroke="f5" />
  </action>
  <action id="ShowPopupMenu">
    <keyboard-shortcut first-keystroke="alt comma" />
    <keyboard-shortcut first-keystroke="f6" />
  </action>
  <action id="ShowUsages" />
  <action id="SliceBackward">
    <keyboard-shortcut first-keystroke="alt f" />
  </action>
  <action id="SliceForward">
    <keyboard-shortcut first-keystroke="alt g" />
  </action>
  <action id="SmartStepInto">
    <keyboard-shortcut first-keystroke="shift f7" />
    <keyboard-shortcut first-keystroke="shift home" />
  </action>
  <action id="SmartUnSelect">
    <keyboard-shortcut first-keystroke="shift ctrl meta left" />
  </action>
  <action id="Sql.EditParameter" />
  <action id="StepInto" />
  <action id="StepOut">
    <keyboard-shortcut first-keystroke="shift page_up" />
  </action>
  <action id="StepOver">
    <keyboard-shortcut first-keystroke="shift help" />
  </action>
  <action id="Switcher">
    <keyboard-shortcut first-keystroke="ctrl tab" />
    <keyboard-shortcut first-keystroke="shift ctrl tab" />
    <keyboard-shortcut first-keystroke="f12" />
  </action>
  <action id="Table-scrollDownChangeSelection" />
  <action id="Table-scrollDownExtendSelection" />
  <action id="Table-scrollUpChangeSelection" />
  <action id="Table-selectNextColumnExtendSelection" />
  <action id="Table-selectPreviousColumnExtendSelection" />
  <action id="Table-selectPreviousRow">
    <keyboard-shortcut first-keystroke="up" />
  </action>
  <action id="Table-selectPreviousRowExtendSelection" />
  <action id="Table-startEditing" />
  <action id="TableResult.ShrinkSelection">
    <keyboard-shortcut first-keystroke="shift ctrl meta left" />
  </action>
  <action id="Terminal.NextSplitter">
    <keyboard-shortcut first-keystroke="alt tab" />
  </action>
  <action id="Terminal.PrevSplitter">
    <keyboard-shortcut first-keystroke="shift alt tab" />
  </action>
  <action id="TodoViewGroupByShowModules" />
  <action id="ToggleLineBreakpoint" />
  <action id="Tree-scrollDownExtendSelection" />
  <action id="Tree-scrollUpExtendSelection" />
  <action id="Tree-selectParentExtendSelection" />
  <action id="Tree-selectPrevious">
    <keyboard-shortcut first-keystroke="up" />
  </action>
  <action id="Tree-selectPreviousExtendSelection" />
  <action id="Tree-startEditing" />
  <action id="UsageFiltering.ReadAccess" />
  <action id="UsageGrouping.Directory" />
  <action id="UsageGrouping.DirectoryStructure" />
  <action id="UsageGrouping.FileStructure" />
  <action id="UsageGrouping.Module" />
  <action id="UsageGrouping.Package" />
  <action id="UsageView.Remove">
    <keyboard-shortcut first-keystroke="meta x" />
  </action>
  <action id="UsageView.Rerun">
    <keyboard-shortcut first-keystroke="meta r" />
    <keyboard-shortcut first-keystroke="alt r" />
  </action>
  <action id="Vcs.EditSource">
    <keyboard-shortcut first-keystroke="alt j" />
  </action>
  <action id="Vcs.Push">
    <keyboard-shortcut first-keystroke="alt minus" />
  </action>
  <action id="Vcs.QuickListPopupAction" />
  <action id="Vcs.ShowMessageHistory" />
  <action id="XDebugger.CopyWatch">
    <keyboard-shortcut first-keystroke="shift alt down" />
  </action>
  <action id="XDebugger.JumpToSource">
    <keyboard-shortcut first-keystroke="alt j" />
  </action>
  <action id="XDebugger.MoveWatchDown" />
  <action id="copilot.cycleNextInlays" />
  <action id="copilot.cyclePrevInlays" />
  <action id="copilot.openCopilot">
    <keyboard-shortcut first-keystroke="alt a" />
  </action>
  <action id="copilot.requestCompletions" />
  <action id="org.jetbrains.security.toolwindow.tree.actions.FindUsagesAction">
    <keyboard-shortcut first-keystroke="alt f7" />
  </action>
  <action id="org.jetbrains.security.toolwindow.tree.actions.NavigateToSource">
    <keyboard-shortcut first-keystroke="alt j" />
  </action>
</keymap>