<keymap version="1" name="VSCode choch4" parent="VSCode">
  <action id="$Copy">
    <keyboard-shortcut first-keystroke="ctrl c" />
    <keyboard-shortcut first-keystroke="shift ctrl c" />
  </action>
  <action id="$Cut">
    <keyboard-shortcut first-keystroke="shift delete" />
  </action>
  <action id="$Paste">
    <keyboard-shortcut first-keystroke="ctrl v" />
    <keyboard-shortcut first-keystroke="shift ctrl v" />
  </action>
  <action id="AceAction" />
  <action id="ActivateBigDataToolWindowToolWindow">
    <keyboard-shortcut first-keystroke="shift ctrl meta b" />
  </action>
  <action id="ActivateBookmarksToolWindow" />
  <action id="ActivateFindToolWindow" />
  <action id="ActivateProjectToolWindow">
    <keyboard-shortcut first-keystroke="shift ctrl e" />
    <keyboard-shortcut first-keystroke="ctrl y" />
  </action>
  <action id="ActivateServicesToolWindow">
    <keyboard-shortcut first-keystroke="alt 8" />
    <keyboard-shortcut first-keystroke="alt s" />
  </action>
  <action id="ActivateTerminalToolWindow">
    <keyboard-shortcut first-keystroke="ctrl back_quote" />
    <keyboard-shortcut first-keystroke="ctrl t" />
  </action>
  <action id="Adtui.ZoomInAction">
    <keyboard-shortcut first-keystroke="ctrl add" />
  </action>
  <action id="Adtui.ZoomOutAction">
    <keyboard-shortcut first-keystroke="ctrl subtract" />
  </action>
  <action id="Adtui.ZoomToActualAction">
    <keyboard-shortcut first-keystroke="ctrl numpad0" />
  </action>
  <action id="Android.Designer.AutoArrange" />
  <action id="Back">
    <keyboard-shortcut first-keystroke="alt left" />
    <keyboard-shortcut first-keystroke="alt comma" />
  </action>
  <action id="CallHierarchy">
    <keyboard-shortcut first-keystroke="shift alt h" />
    <keyboard-shortcut first-keystroke="alt h" />
  </action>
  <action id="CheckinProject">
    <keyboard-shortcut first-keystroke="ctrl equals" />
  </action>
  <action id="ChooseRunConfiguration" />
  <action id="CloseAllEditors" />
  <action id="CloseAllEditorsButActive" />
  <action id="CloseProject">
    <keyboard-shortcut first-keystroke="alt q" />
  </action>
  <action id="CodeCompletion" />
  <action id="CollapseAllRegions">
    <keyboard-shortcut first-keystroke="ctrl 9" />
  </action>
  <action id="CollapseBlock">
    <keyboard-shortcut first-keystroke="ctrl alt open_bracket" />
  </action>
  <action id="CollapseDocComments" />
  <action id="CollapseRegionRecursively" />
  <action id="CommentByLineComment">
    <keyboard-shortcut first-keystroke="ctrl slash" />
  </action>
  <action id="CompareClipboardWithSelection" />
  <action id="Console.TableResult.NavigateForeignAction">
    <keyboard-shortcut first-keystroke="f12" />
  </action>
  <action id="CopyAbsolutePath">
    <keyboard-shortcut first-keystroke="shift alt c" />
  </action>
  <action id="CopyPaths">
    <keyboard-shortcut first-keystroke="shift alt c" />
  </action>
  <action id="DatabaseView.CopyDdlAction">
    <keyboard-shortcut first-keystroke="shift ctrl alt g" />
  </action>
  <action id="DatabaseView.DataSourceCutAction">
    <keyboard-shortcut first-keystroke="shift delete" />
  </action>
  <action id="DatabaseView.Tools" />
  <action id="Debugger.ResumeThread">
    <keyboard-shortcut first-keystroke="alt b" />
  </action>
  <action id="Diff.NextChange">
    <keyboard-shortcut first-keystroke="ctrl 7" />
  </action>
  <action id="Diff.PrevChange">
    <keyboard-shortcut first-keystroke="ctrl 8" />
  </action>
  <action id="Diff.ShowDiff">
    <keyboard-shortcut first-keystroke="ctrl 0" />
  </action>
  <action id="DuplicatesForm.SendToLeft" />
  <action id="DuplicatesForm.SendToRight" />
  <action id="EditSource">
    <keyboard-shortcut first-keystroke="f4" />
    <keyboard-shortcut first-keystroke="ctrl j" />
  </action>
  <action id="EditSourceInNewWindow" />
  <action id="Editor Copy">
    <keyboard-shortcut first-keystroke="shift ctrl c" />
  </action>
  <action id="Editor Paste">
    <keyboard-shortcut first-keystroke="shift ctrl v" />
  </action>
  <action id="EditorContextInfo" />
  <action id="EditorCut">
    <keyboard-shortcut first-keystroke="shift delete" />
  </action>
  <action id="EditorDecreaseFontSize" />
  <action id="EditorDeleteToWordStart" />
  <action id="EditorDownWithSelection" />
  <action id="EditorDuplicate">
    <keyboard-shortcut first-keystroke="shift alt down" />
    <keyboard-shortcut first-keystroke="alt d" />
  </action>
  <action id="EditorIncreaseFontSize" />
  <action id="EditorLeftWithSelection" />
  <action id="EditorRightWithSelection" />
  <action id="EditorScrollBottom">
    <keyboard-shortcut first-keystroke="alt 4" />
    <keyboard-shortcut first-keystroke="shift down" />
  </action>
  <action id="EditorScrollDown">
    <keyboard-shortcut first-keystroke="alt down" />
  </action>
  <action id="EditorScrollLeft">
    <keyboard-shortcut first-keystroke="shift left" />
  </action>
  <action id="EditorScrollRight">
    <keyboard-shortcut first-keystroke="shift right" />
  </action>
  <action id="EditorScrollToCenter" />
  <action id="EditorScrollTop">
    <keyboard-shortcut first-keystroke="alt 6" />
    <keyboard-shortcut first-keystroke="shift up" />
  </action>
  <action id="EditorScrollUp">
    <keyboard-shortcut first-keystroke="alt up" />
  </action>
  <action id="EditorSelectLine" />
  <action id="EditorSelectWord">
    <keyboard-shortcut first-keystroke="shift alt right" />
    <keyboard-shortcut first-keystroke="ctrl x" />
    <keyboard-shortcut first-keystroke="shift ctrl x" />
  </action>
  <action id="EditorToggleUseSoftWraps">
    <keyboard-shortcut first-keystroke="shift ctrl w" />
  </action>
  <action id="EditorUnSelectWord">
    <keyboard-shortcut first-keystroke="ctrl back_space" />
  </action>
  <action id="EditorUnindentSelection">
    <keyboard-shortcut first-keystroke="shift tab" />
  </action>
  <action id="EditorUpWithSelection" />
  <action id="EvaluateExpression">
    <keyboard-shortcut first-keystroke="alt z" />
    <keyboard-shortcut first-keystroke="shift alt z" />
  </action>
  <action id="ExpandAllRegions" />
  <action id="ExpandRegionRecursively" />
  <action id="FileChooser.GotoHome" />
  <action id="FileChooser.GotoProject" />
  <action id="FileChooser.NewFile" />
  <action id="FindNext">
    <keyboard-shortcut first-keystroke="f3" />
    <keyboard-shortcut first-keystroke="ctrl 7" />
  </action>
  <action id="FindPrevious">
    <keyboard-shortcut first-keystroke="shift f3" />
    <keyboard-shortcut first-keystroke="shift ctrl f3" />
    <keyboard-shortcut first-keystroke="ctrl 8" />
  </action>
  <action id="FindUsages">
    <keyboard-shortcut first-keystroke="shift alt f12" />
    <keyboard-shortcut first-keystroke="ctrl u" />
  </action>
  <action id="Generate">
    <keyboard-shortcut first-keystroke="ctrl quote" />
  </action>
  <action id="Github.PullRequest.Diff.Comment.Create" />
  <action id="GotoBookmark0" />
  <action id="GotoBookmark1" />
  <action id="GotoBookmark2" />
  <action id="GotoBookmark5" />
  <action id="GotoBookmark7" />
  <action id="GotoBookmark8" />
  <action id="GotoBookmark9" />
  <action id="GotoClass">
    <keyboard-shortcut first-keystroke="ctrl i" />
  </action>
  <action id="GotoDeclaration">
    <keyboard-shortcut first-keystroke="f12" />
    <keyboard-shortcut first-keystroke="alt period" />
  </action>
  <action id="GotoSymbol">
    <keyboard-shortcut first-keystroke="shift ctrl o" />
    <keyboard-shortcut first-keystroke="ctrl o" />
  </action>
  <action id="GotoTest">
    <keyboard-shortcut first-keystroke="alt t" />
  </action>
  <action id="GuiDesigner.ShrinkSelection" />
  <action id="Help.KeymapReference" />
  <action id="HideActiveWindow" />
  <action id="HippieCompletion" />
  <action id="Images.Editor.ToggleGrid" />
  <action id="JumpToLastChange">
    <keyboard-shortcut first-keystroke="ctrl l" />
  </action>
  <action id="JumpToNextChange">
    <keyboard-shortcut first-keystroke="alt l" />
  </action>
  <action id="List-selectNextColumnExtendSelection" />
  <action id="Markdown.Layout.EditorAndPreview" />
  <action id="Markdown.Layout.PreviewOnly" />
  <action id="MavenHelper.QuickRunMavenGoal">
    <keyboard-shortcut first-keystroke="ctrl alt r" />
    <keyboard-shortcut first-keystroke="ctrl k" />
  </action>
  <action id="MoveLineDown" />
  <action id="MoveLineUp" />
  <action id="MoveTabRight" />
  <action id="NextSplitter" />
  <action id="OpenEditorInOppositeTabGroup">
    <keyboard-shortcut first-keystroke="alt g" />
  </action>
  <action id="OpenFile" />
  <action id="OverrideFileTypeAction" />
  <action id="PinActiveTabAction" />
  <action id="PrevSplitter" />
  <action id="ProblemsView.QuickFixes" />
  <action id="QuickChangeScheme" />
  <action id="QuickImplementations">
    <keyboard-shortcut first-keystroke="ctrl d" />
  </action>
  <action id="QuickJavaDoc">
    <keyboard-shortcut first-keystroke="alt k" />
  </action>
  <action id="RecentChangedFiles">
    <keyboard-shortcut first-keystroke="ctrl e" />
  </action>
  <action id="RecentFiles">
    <keyboard-shortcut first-keystroke="ctrl space" />
    <keyboard-shortcut first-keystroke="alt slash" />
  </action>
  <action id="RecentLocations">
    <keyboard-shortcut first-keystroke="ctrl r" />
  </action>
  <action id="RecentProjectListGroup" />
  <action id="Refactorings.QuickListPopupAction">
    <keyboard-shortcut first-keystroke="shift ctrl r" />
    <keyboard-shortcut first-keystroke="ctrl semicolon" />
  </action>
  <action id="ReformatCode">
    <keyboard-shortcut first-keystroke="shift alt f" />
    <keyboard-shortcut first-keystroke="alt f" />
  </action>
  <action id="RemoteServers.EditServerConfig" />
  <action id="Rerun">
    <keyboard-shortcut first-keystroke="shift ctrl f5" />
    <keyboard-shortcut first-keystroke="alt r" />
  </action>
  <action id="RerunFailedTests" />
  <action id="Resume">
    <keyboard-shortcut first-keystroke="f5" />
    <keyboard-shortcut first-keystroke="alt b" />
  </action>
  <action id="RevealIn">
    <keyboard-shortcut first-keystroke="shift alt r" />
  </action>
  <action id="RunDashboard.EditConfiguration" />
  <action id="RunToCursor">
    <keyboard-shortcut first-keystroke="alt f9" />
    <keyboard-shortcut first-keystroke="alt c" />
  </action>
  <action id="RunToolbarRerunAction">
    <keyboard-shortcut first-keystroke="alt r" />
  </action>
  <action id="SaveAll" />
  <action id="ScrollPane-scrollDown">
    <keyboard-shortcut first-keystroke="shift page_down" />
    <keyboard-shortcut first-keystroke="ctrl down" />
  </action>
  <action id="ScrollPane-scrollUp">
    <keyboard-shortcut first-keystroke="shift page_up" />
    <keyboard-shortcut first-keystroke="ctrl up" />
  </action>
  <action id="ScrollPane-unitScrollDown" />
  <action id="ScrollPane-unitScrollUp" />
  <action id="SelectInProjectView" />
  <action id="SelectNextOccurrence">
    <keyboard-shortcut first-keystroke="ctrl f3" />
    <keyboard-shortcut first-keystroke="alt a" />
  </action>
  <action id="SetShortcutAction" />
  <action id="ShowBookmarks">
    <keyboard-shortcut first-keystroke="alt n" />
  </action>
  <action id="ShowErrorDescription">
    <keyboard-shortcut first-keystroke="ctrl f1" />
    <keyboard-shortcut first-keystroke="ctrl comma" />
  </action>
  <action id="ShowIntentionActions">
    <keyboard-shortcut first-keystroke="ctrl m" />
  </action>
  <action id="ShowNavBar">
    <keyboard-shortcut first-keystroke="shift ctrl semicolon" />
    <keyboard-shortcut first-keystroke="alt open_bracket" />
  </action>
  <action id="ShowPopupMenu">
    <keyboard-shortcut first-keystroke="shift f10" />
    <keyboard-shortcut first-keystroke="ctrl open_bracket" />
  </action>
  <action id="ShowSettings" />
  <action id="SliceBackward">
    <keyboard-shortcut first-keystroke="alt j" />
  </action>
  <action id="SmartStepInto">
    <keyboard-shortcut first-keystroke="shift f7" />
    <keyboard-shortcut first-keystroke="alt v" />
  </action>
  <action id="Space.Review.CreateDiffComment" />
  <action id="StepOver">
    <keyboard-shortcut first-keystroke="f10" />
    <keyboard-shortcut first-keystroke="alt x" />
  </action>
  <action id="Stop">
    <keyboard-shortcut first-keystroke="shift f5" />
    <keyboard-shortcut first-keystroke="alt 5" />
  </action>
  <action id="StreamTracerAction">
    <keyboard-shortcut first-keystroke="alt w" />
  </action>
  <action id="Switcher">
    <keyboard-shortcut first-keystroke="ctrl tab" />
    <keyboard-shortcut first-keystroke="shift ctrl tab" />
    <keyboard-shortcut first-keystroke="ctrl period" />
  </action>
  <action id="SwitcherIterateItems" />
  <action id="SwitcherRecentEditedChangedToggleCheckBox" />
  <action id="Table-selectNextColumnExtendSelection" />
  <action id="Table-selectPreviousColumnExtendSelection" />
  <action id="Table-selectPreviousRowExtendSelection" />
  <action id="TableResult.ShrinkSelection" />
  <action id="Terminal.ClearBuffer" />
  <action id="Terminal.NextSplitter" />
  <action id="Terminal.PrevSplitter" />
  <action id="TerminalDecreaseFontSize" />
  <action id="TerminalIncreaseFontSize" />
  <action id="TestData.Navigate">
    <keyboard-shortcut first-keystroke="ctrl alt home" />
  </action>
  <action id="ToggleBookmark">
    <keyboard-shortcut first-keystroke="ctrl n" />
  </action>
  <action id="ToggleZenMode" />
  <action id="Tree-selectParentExtendSelection" />
  <action id="Tree-selectPreviousExtendSelection" />
  <action id="UnselectPreviousOccurrence" />
  <action id="UsageFiltering.Imports" />
  <action id="UsageFiltering.ReadAccess" />
  <action id="UsageView.Remove">
    <keyboard-shortcut first-keystroke="shift delete" />
  </action>
  <action id="UsageView.Rerun">
    <keyboard-shortcut first-keystroke="shift ctrl f5" />
    <keyboard-shortcut first-keystroke="alt r" />
  </action>
  <action id="Vcs.Log.FocusTextFilter" />
  <action id="Vcs.Log.ShowTooltip" />
  <action id="Vcs.Push">
    <keyboard-shortcut first-keystroke="ctrl minus" />
  </action>
  <action id="Vcs.ShowMessageHistory" />
  <action id="WelcomeScreen.Plugins" />
  <action id="ZeppelinSelectCellAboveAction" />
  <action id="ZeppelinSelectCellBelowAction" />
  <action id="org.intellij.plugins.markdown.ui.actions.styling.InsertImageAction" />
  <action id="org.intellij.plugins.markdown.ui.actions.styling.ToggleCodeSpanAction" />
  <action id="org.intellij.plugins.markdown.ui.actions.styling.ToggleItalicAction" />
</keymap>